﻿Station,Year,Month,Day,Mean_Temperature,Maximum_Temperature,Minimum_Temperature,Mean_Wind_Speed,Max_Wind_Speed,Rain_Type
Admiralty,2018,11,1,26.4,29.1,24.8,9.4,41.8,Light
Ang Mo Kio,2018,11,1,26.3,28.4,24.5,5,31.3,Light
Changi,2018,11,1,26.4,27.2,25.3,7.9,31,Light
Choa Chu Kang (South),2018,11,1,26.2,30.7,24.9,5,28.4,Moderate
Clementi,2018,11,1,26.2,30.5,24.2,4,27.7,Moderate
East Coast Parkway,2018,11,1,26.8,27.6,25.8,13,42.8,Light
Jurong (West),2018,11,1,25.8,28.9,24.5,6.1,29.5,Moderate
Jurong Island,2018,11,1,26.8,28.8,24.5,5.4,32.8,Heavy
Khatib,2018,11,1,26.3,30,25.1,6.8,31,Light
Newton,2018,11,1,26.2,28.3,24.6,5,31.3,Moderate
Pasir Panjang,2018,11,1,27,29.1,25.2,9,30.2,Moderate
Sentosa Island,2018,11,1,26.6,28.3,25.4,4.3,27.4,Moderate
Tai Seng,2018,11,1,26.9,28.1,25.1,5.8,33.1,Light
Tuas South,2018,11,1,26.5,28.7,25.1,3.2,20.9,Heavy
Admiralty,2018,11,2,26.5,29.2,24.4,8.3,42.1,Light
Ang Mo Kio,2018,11,2,26.5,30.3,24.5,5.4,39.6,Moderate
Changi,2018,11,2,26.8,31,24.5,7.6,34.2,Heavy
Choa Chu Kang (South),2018,11,2,26.5,30,24.8,4.3,26.6,Light
Clementi,2018,11,2,27,32.4,24.9,4,25.2,Light
East Coast Parkway,2018,11,2,27.2,30.8,25.2,11.2,43.6,Moderate
Jurong (West),2018,11,2,26.5,30.3,24.6,5.4,27.7,Light
Jurong Island,2018,11,2,27.3,31.3,23.8,6.1,46.8,Heavy
Khatib,2018,11,2,26.3,31,23.8,7.2,35.6,Heavy
Newton,2018,11,2,26.8,32.3,25.2,5.8,41.4,Light
Pasir Panjang,2018,11,2,27.5,30.8,24.8,8.3,34.2,Moderate
Sentosa Island,2018,11,2,27.3,32.7,25,4.7,33.5,Moderate
Tai Seng,2018,11,2,27.3,31.4,25.2,5.4,34.6,Light
Tuas South,2018,11,2,27.1,29.3,25.2,3.2,19.8,Heavy
Admiralty,2018,11,3,26.6,31,25.1,5,25.2,Moderate
Ang Mo Kio,2018,11,3,26.3,30.4,23.7,3.6,32,Heavy
Changi,2018,11,3,27.5,31.4,25.4,5,26.6,Light
Choa Chu Kang (South),2018,11,3,26.6,30.2,24.9,4,18.7,Moderate
Clementi,2018,11,3,27.2,31.9,25.2,3.2,16.9,Light
East Coast Parkway,2018,11,3,27.9,29.4,26.9,10.1,24.1,None
Jurong (West),2018,11,3,26.3,28.9,24.9,6.1,24.8,Moderate
Jurong Island,2018,11,3,27.3,29.4,25.7,4.7,21.2,Moderate
Khatib,2018,11,3,26.4,31.5,24.7,6.5,22,Heavy
Newton,2018,11,3,27,31.4,24.9,4.3,23.4,Light
Pasir Panjang,2018,11,3,27.5,28.8,25.3,9.4,27.7,Heavy
Sentosa Island,2018,11,3,27.7,29.9,26.3,4,19.4,Light
Tai Seng,2018,11,3,27.8,31.5,25.2,4,24.1,Moderate
Tuas South,2018,11,3,27,28.9,25.4,5.4,19.8,Heavy
Admiralty,2018,11,4,27.1,32.2,25,7.2,33.1,Moderate
Ang Mo Kio,2018,11,4,27.3,31.6,24.9,4.3,46.1,Light
Changi,2018,11,4,27.8,32,25.4,6.8,30.2,Moderate
Choa Chu Kang (South),2018,11,4,26.5,32.2,24.6,4,28.1,Heavy
Clementi,2018,11,4,27.3,34.5,24.7,3.6,28.4,Heavy
East Coast Parkway,2018,11,4,28.1,31.1,26.2,11.5,35.3,Moderate
Jurong (West),2018,11,4,26.4,32,24.6,6.1,29.2,Heavy
Jurong Island,2018,11,4,27.1,30.3,25.1,6.1,31.7,Heavy
Marina Barrage,2018,11,4,27.9,32.8,26.3,5.4,27.7,Light
Newton,2018,11,4,27,32.5,23.6,5,29.2,Heavy
Pasir Panjang,2018,11,4,27.6,32,26.2,9,28.1,Moderate
Sentosa Island,2018,11,4,27.6,33,25.9,4.3,28.1,Moderate
Tai Seng,2018,11,4,27.9,32.1,26.1,5.4,28.4,Moderate
Tuas South,2018,11,4,27.2,30.9,25.3,5.8,26.3,Heavy
Admiralty,2018,11,5,27,33,25,5.4,24.5,Moderate
Ang Mo Kio,2018,11,5,27.3,32.5,25.4,3.6,17.6,None
Changi,2018,11,5,27.8,31.8,25.7,5,18.7,Light
Choa Chu Kang (South),2018,11,5,26.4,32.2,24.7,3.6,18,Heavy
Clementi,2018,11,5,27.2,34.1,25.1,3.2,16.6,Moderate
East Coast Parkway,2018,11,5,28,29.7,26.4,11.2,30.6,Light
Jurong (West),2018,11,5,26.3,31.3,24.6,5.8,23.8,Heavy
Jurong Island,2018,11,5,27.7,31.5,25.3,5,25.6,Moderate
Marina Barrage,2018,11,5,28.1,31.6,26.3,5.4,22.3,Light
Newton,2018,11,5,27.1,33,25.3,5,25.6,None
Pasir Panjang,2018,11,5,27.6,30.1,26.3,10.8,30.6,Light
Sentosa Island,2018,11,5,27.8,30.7,26,4.3,19.1,None
Tai Seng,2018,11,5,28.2,32.3,26.5,4.7,19.8,Light
Tuas South,2018,11,5,27.5,30.5,26.1,5.8,23.8,Moderate
Admiralty,2018,11,6,26.6,33,23.7,7.6,38.2,Moderate
Ang Mo Kio,2018,11,6,26.8,32.9,23.6,4.3,28.4,Moderate
Changi,2018,11,6,27,32.3,23.6,6.1,28.4,Moderate
Choa Chu Kang (South),2018,11,6,27,33.1,24.2,4.7,22.7,Moderate
Clementi,2018,11,6,27.2,33.3,24,4.3,22.7,Moderate
East Coast Parkway,2018,11,6,27.6,30,25,12.6,34.2,None
Jurong (West),2018,11,6,26.5,31.6,24,8.3,31.3,Light
Jurong Island,2018,11,6,28,32.3,25.9,6.5,28.1,Light
Newton,2018,11,6,26.9,33.1,23.9,5.8,28.4,Light
Pasir Panjang,2018,11,6,27.6,31.4,25.6,14.4,45.4,Light
Sentosa Island,2018,11,6,27.9,32.6,25.5,5.8,27.7,Light
Tai Seng,2018,11,6,27.6,33.4,24.6,5,27.7,Moderate
Tuas South,2018,11,6,27.5,31.3,25.2,7.6,23.8,Light
Admiralty,2018,11,7,28,32.7,24.7,7.2,27.7,Light
Ang Mo Kio,2018,11,7,27.8,33.2,24.7,4.7,20.5,Moderate
Changi,2018,11,7,27.7,31.6,24.4,6.1,25.2,Heavy
Choa Chu Kang (South),2018,11,7,28,32.4,24.8,5,22.3,Light
Clementi,2018,11,7,28.4,34.1,24.5,4.3,24.8,Heavy
East Coast Parkway,2018,11,7,27.8,29.7,24.8,10.8,31,Heavy
Jurong (West),2018,11,7,27.2,31.6,24.3,7.6,24.5,Heavy
Jurong Island,2018,11,7,28.6,31.7,25.7,5.8,24.1,None
Newton,2018,11,7,27.7,33.3,23.8,5,33.1,Heavy
Pasir Panjang,2018,11,7,28.3,30.9,25.9,11.9,32.4,None
Sentosa Island,2018,11,7,28.1,31.4,23.9,5.8,26.6,Heavy
Tai Seng,2018,11,7,28.1,33,24.3,5,27.4,Heavy
Tuas South,2018,11,7,28.3,30.7,25.7,7.6,22.7,Light
Admiralty,2018,11,8,27.5,33.5,24.1,8.6,34.2,Heavy
Ang Mo Kio,2018,11,8,27.6,33.6,23.9,5.8,23.4,Heavy
Changi,2018,11,8,27.5,32.7,24.8,6.5,32.8,Moderate
Choa Chu Kang (South),2018,11,8,27.9,33.3,23.9,5.8,27.7,Heavy
Clementi,2018,11,8,28.1,34.4,23.6,5.4,22,Heavy
East Coast Parkway,2018,11,8,27.6,30.4,24.4,11.9,34.2,Heavy
Jurong (West),2018,11,8,27.4,32,23.9,8.3,35.3,Heavy
Jurong Island,2018,11,8,28.8,33.2,24.2,5.8,29.9,Heavy
Marina Barrage,2018,11,8,28.4,34,24.5,7.2,29.5,Heavy
Newton,2018,11,8,27.9,33.2,23.4,6.1,32.8,Heavy
Pasir Panjang,2018,11,8,28.3,32.1,24.8,12.6,41,Heavy
Sentosa Island,2018,11,8,28.6,33.6,24.2,5.8,26.6,Heavy
Tai Seng,2018,11,8,28.1,34.1,24.5,5.8,25.6,Heavy
Tuas South,2018,11,8,28.3,32.5,24.5,6.5,25.2,Heavy
Admiralty,2018,11,9,26.8,29.8,24.4,6.5,26.6,Heavy
Ang Mo Kio,2018,11,9,26.8,28.7,25.4,4,18.7,Light
Changi,2018,11,9,26.8,28.5,25.6,4.7,18.7,Light
Choa Chu Kang (South),2018,11,9,26.8,28.6,24.7,3.6,22,Heavy
Clementi,2018,11,9,26.6,28.5,24.6,3.2,13.3,Heavy
East Coast Parkway,2018,11,9,27.4,28.4,25.9,9.7,31.7,Moderate
Jurong (West),2018,11,9,26.4,28.1,24.4,4.7,22.7,Heavy
Jurong Island,2018,11,9,27,28.8,23.7,5.4,40.7,Heavy
Khatib,2018,11,9,26.9,29.7,25.6,5.8,20.9,Light
Marina Barrage,2018,11,9,27.3,28.9,25.7,4.3,23.4,Moderate
Newton,2018,11,9,26.6,28.1,24.2,3.2,21.2,Heavy
Pasir Panjang,2018,11,9,27.3,28.5,24.9,7.6,44.6,Heavy
Sentosa Island,2018,11,9,27.1,28.5,25.1,3.6,30.6,Light
Tai Seng,2018,11,9,27.2,28.9,24.6,4.3,19.8,Heavy
Tuas South,2018,11,9,27.1,28.2,24.2,4.7,29.5,Heavy
Admiralty,2018,11,10,27.4,34,24.9,5.8,37.1,Heavy
Ang Mo Kio,2018,11,10,27.4,32.7,25,4,36.4,Moderate
Changi,2018,11,10,27.6,32.3,25.6,5.8,28.4,None
Choa Chu Kang (South),2018,11,10,27.1,33.3,23.6,4,29.2,Heavy
Clementi,2018,11,10,27,33.7,23.6,3.6,31,Heavy
East Coast Parkway,2018,11,10,28.1,30,26.5,10.4,38.5,None
Jurong (West),2018,11,10,26.9,32.2,23.9,5.4,28.4,Heavy
Jurong Island,2018,11,10,27.5,30.8,25.3,5.4,34.9,Heavy
Khatib,2018,11,10,27.1,33,24.5,6.5,34.9,Heavy
Marina Barrage,2018,11,10,28.4,32.7,26.1,5,26.6,None
Newton,2018,11,10,27.2,32.3,24.4,4.3,33.8,Light
Pasir Panjang,2018,11,10,27.6,30.5,24.4,9.7,50,Heavy
Tai Seng,2018,11,10,28.1,32.6,25.7,4,24.5,Light
Tuas South,2018,11,10,27.6,31,26,5,22.7,Moderate
Admiralty,2018,11,11,26.3,31.9,23.7,6.1,47.2,Heavy
Ang Mo Kio,2018,11,11,26.5,32.1,23.3,3.6,36,Heavy
Changi,2018,11,11,26.9,31.5,25,5.4,30.2,Light
Choa Chu Kang (South),2018,11,11,25.8,32.2,23.3,3.6,33.5,Heavy
Clementi,2018,11,11,26.1,32.3,23.1,2.9,27,Heavy
East Coast Parkway,2018,11,11,27.6,30.7,25.6,10.8,32,Light
Jurong (West),2018,11,11,25.7,31.1,22.7,5.4,35.3,Heavy
Jurong Island,2018,11,11,26.7,30.4,24.6,4.3,23.4,Heavy
Khatib,2018,11,11,26.2,32.5,24,7.9,39.2,Moderate
Marina Barrage,2018,11,11,27.3,32.3,24.2,5,20.5,Heavy
Newton,2018,11,11,26.3,32.4,22.7,4.3,27,Heavy
Pasir Panjang,2018,11,11,26.8,30.8,24,9,38.2,Heavy
Tai Seng,2018,11,11,27,32.4,23.8,4.3,31,Moderate
Tuas South,2018,11,11,26.5,30.1,24.1,3.6,19.1,Heavy
Admiralty,2018,11,12,27.2,33.6,23.6,6.5,47.5,Heavy
Ang Mo Kio,2018,11,12,27.1,32.3,24.4,3.6,27.4,Heavy
Changi,2018,11,12,27.5,32.5,24.5,5.4,33.8,Heavy
Choa Chu Kang (South),2018,11,12,27.3,32.6,24.1,4.3,23.8,Light
Clementi,2018,11,12,27.6,33.5,24.3,3.2,24.1,Light
East Coast Parkway,2018,11,12,28.1,31.1,26,10.8,39.2,None
Jurong (West),2018,11,12,27.1,32.5,24.3,5.4,36,Light
Jurong Island,2018,11,12,28.4,31.6,25,5,24.8,None
Khatib,2018,11,12,26.9,32.7,23.9,7.6,35.3,Heavy
Marina Barrage,2018,11,12,28,32.9,25,4.7,31.7,Heavy
Newton,2018,11,12,27.2,33.3,24.3,4.7,27,Heavy
Pasir Panjang,2018,11,12,27.6,30.5,25.6,10.1,30.2,Light
Tai Seng,2018,11,12,28,32.3,25.6,4.7,32,Light
Tuas South,2018,11,12,27.7,30.9,25,5.4,21.2,None
Admiralty,2018,11,13,26.9,31,23.6,6.5,24.5,Heavy
Ang Mo Kio,2018,11,13,27,31.1,24.1,4.3,19.4,Light
Changi,2018,11,13,27.1,30.9,24.8,5,23.8,Light
Choa Chu Kang (South),2018,11,13,27.2,31.3,24.4,4.3,20.5,Light
Clementi,2018,11,13,27.4,32.8,24.5,3.6,19.1,Light
East Coast Parkway,2018,11,13,27.5,29,25.7,9.7,28.4,None
Jurong (West),2018,11,13,26.5,30.3,23.8,6.5,22,Light
Jurong Island,2018,11,13,27.8,31,25.3,4,24.1,Light
Marina Barrage,2018,11,13,27.5,30,25.2,4.3,26.6,Light
Newton,2018,11,13,26.8,30.3,24.1,4.3,20.5,Light
Pasir Panjang,2018,11,13,27.6,30,25.5,10.4,33.8,Light
Tai Seng,2018,11,13,27.7,30.9,25.3,4.7,20.2,None
Tuas South,2018,11,13,27.6,30.3,25.4,5,28.8,Light
Admiralty,2018,11,14,27.4,31.1,23.9,5.8,20.5,Heavy
Ang Mo Kio,2018,11,14,27.6,30.8,23.7,4,31.7,Heavy
Changi,2018,11,14,27.7,31.2,24.8,5,19.8,Light
Choa Chu Kang (South),2018,11,14,27.3,30.9,24.1,3.6,24.1,Heavy
Clementi,2018,11,14,27.1,30.5,24.1,3.2,25.2,Heavy
East Coast Parkway,2018,11,14,28,29.8,25.6,10.4,36,Heavy
Jurong (West),2018,11,14,26.8,31,23.8,6.1,26.6,Heavy
Jurong Island,2018,11,14,27.7,30.2,24.8,6.8,31.3,Heavy
Khatib,2018,11,14,27.2,30.9,24.3,5.8,17.6,Heavy
Marina Barrage,2018,11,14,27.9,30.9,24.8,4.3,22,Heavy
Newton,2018,11,14,27.2,31.2,23.8,5,38.2,Heavy
Pasir Panjang,2018,11,14,28,30.3,25.2,7.9,40.3,Heavy
Sentosa Island,2018,11,14,27.5,30.6,24.6,5,25.9,Heavy
Tai Seng,2018,11,14,28.1,31.4,24.9,4.7,29.2,Heavy
Tuas South,2018,11,14,27.6,29.6,24.3,6.5,36.7,Heavy
Admiralty,2018,11,15,26,30.5,23.3,6.5,40.3,Heavy
Ang Mo Kio,2018,11,15,26.2,30.7,23.8,4.3,42.8,Moderate
Changi,2018,11,15,26.6,30.9,23.9,5.4,55.4,Moderate
Choa Chu Kang (South),2018,11,15,25.8,29.7,23.1,4.3,34.9,Heavy
Clementi,2018,11,15,25.9,31.9,22.9,4,40.7,Heavy
East Coast Parkway,2018,11,15,27.2,30.4,25,12.6,68,Moderate
Jurong (West),2018,11,15,25.5,27.6,23.2,6.1,36.4,Heavy
Jurong Island,2018,11,15,26.5,29.5,24,6.1,59.8,Heavy
Khatib,2018,11,15,25.9,30.8,23.8,6.8,46.4,Heavy
Marina Barrage,2018,11,15,26.6,31,24.4,4.7,50.8,Moderate
Newton,2018,11,15,25.9,30.7,23.5,5.8,58.3,Moderate
Pasir Panjang,2018,11,15,26.6,29.5,24,9.4,64.1,Heavy
Sentosa Island,2018,11,15,26.3,30.2,23.8,4.7,51.5,Heavy
Tai Seng,2018,11,15,26.8,30.8,24.7,5,51.5,Heavy
Tuas South,2018,11,15,26.5,28.2,24.5,6.1,40.7,Heavy
Admiralty,2018,11,16,27.9,33,24.5,5.8,22.3,Light
Ang Mo Kio,2018,11,16,27.8,31.8,24.8,4,23.8,None
Changi,2018,11,16,27.6,30.8,25,5,19.4,Light
Choa Chu Kang (South),2018,11,16,27.9,32.5,24.4,4.3,20.2,None
Clementi,2018,11,16,27.9,32.2,24.5,3.6,19.1,Light
East Coast Parkway,2018,11,16,28.1,30.1,26.1,9,21.2,Light
Jurong (West),2018,11,16,27.4,31.5,24.2,5.4,22.7,Light
Jurong Island,2018,11,16,28.4,31.7,25.6,4.7,20.2,Light
Khatib,2018,11,16,27.7,32.2,24.3,5.8,16.6,None
Marina Barrage,2018,11,16,28.6,33.2,25.6,3.6,11.9,None
Newton,2018,11,16,28.1,32.7,24.7,4.7,27.4,None
Pasir Panjang,2018,11,16,28.3,31.5,25.8,7.6,21.6,None
Sentosa Island,2018,11,16,28.3,32.1,25.6,3.6,16.9,None
Tai Seng,2018,11,16,28.4,32.1,25.9,4.3,23,None
Tuas South,2018,11,16,28.2,31.8,25.5,4,17.3,None
Admiralty,2018,11,17,27.3,31.3,22,6.8,61.2,Heavy
Ang Mo Kio,2018,11,17,27.1,30.8,22.3,5,43.6,Heavy
Changi,2018,11,17,27.2,30,22.4,6.1,45.4,Heavy
Choa Chu Kang (South),2018,11,17,27.1,31.3,21.9,4,56.2,Heavy
Clementi,2018,11,17,27,30.6,22,4,41.8,Heavy
East Coast Parkway,2018,11,17,27.8,29.4,23.2,10.4,60.5,Heavy
Jurong (West),2018,11,17,27.1,30.7,21.4,6.1,60.8,Heavy
Jurong Island,2018,11,17,27.9,30.1,22,7.6,68.8,Heavy
Khatib,2018,11,17,26.9,30.9,22.4,6.5,32,Heavy
Marina Barrage,2018,11,17,28.1,31.5,22.1,4.3,49,Heavy
Newton,2018,11,17,27.2,30.6,22,6.1,72.7,Heavy
Pasir Panjang,2018,11,17,28.1,30.4,23.4,7.9,54.4,Moderate
Sentosa Island,2018,11,17,27.7,30.2,22.1,4.7,50.4,Heavy
Tai Seng,2018,11,17,27.8,31,22.7,4.3,51.1,Heavy
Tuas South,2018,11,17,28.2,30.7,24.2,2.9,32.8,Heavy
Admiralty,2018,11,18,26.9,32,24.1,6.5,26.3,Light
Ang Mo Kio,2018,11,18,26.5,29.9,23.7,4,31,Light
Changi,2018,11,18,26.5,28.9,23.6,5.8,31.3,Moderate
Choa Chu Kang (South),2018,11,18,26.7,30.9,23.8,4.3,23.4,Light
Clementi,2018,11,18,26.6,30,24,2.5,23,Light
East Coast Parkway,2018,11,18,27.1,28.7,23.9,10.4,46.4,Heavy
Jurong (West),2018,11,18,26.3,29.7,23.4,5.4,32.4,Light
Jurong Island,2018,11,18,27.2,29.5,24,6.8,38.2,Moderate
Khatib,2018,11,18,26.3,29.8,24.2,6.1,19.4,Light
Newton,2018,11,18,26.3,29.3,23.6,5,29.5,Moderate
Pasir Panjang,2018,11,18,27.4,29.4,24.7,7.2,30.6,Moderate
Sentosa Island,2018,11,18,26.7,29.1,23.7,4,28.4,Heavy
Tai Seng,2018,11,18,27,29.4,24.1,3.6,34.9,Moderate
Tuas South,2018,11,18,27.2,30,24.2,4,37.8,Moderate
Admiralty,2018,11,19,26.7,32.6,23.8,6.5,31.3,Heavy
Ang Mo Kio,2018,11,19,26.4,32.5,23,4.7,38.2,Heavy
Changi,2018,11,19,26.9,31.8,23.6,5,32.4,Heavy
Choa Chu Kang (South),2018,11,19,26.9,32.4,24.3,5,29.9,Heavy
Clementi,2018,11,19,26.9,33.3,23.7,3.6,33.1,Moderate
East Coast Parkway,2018,11,19,27.3,29.3,25.3,11.2,29.5,Light
Jurong (West),2018,11,19,26.5,31.3,24.8,6.5,34.6,Light
Jurong Island,2018,11,19,27.9,31.5,26,7.2,25.6,Light
Khatib,2018,11,19,26.3,33,23.8,7.6,35.3,Heavy
Newton,2018,11,19,26.7,33.7,24.2,4.7,27.4,Heavy
Pasir Panjang,2018,11,19,27.5,30.3,25.4,10.1,31.3,Light
Sentosa Island,2018,11,19,27.2,31,25.1,4.7,20.2,Moderate
Tai Seng,2018,11,19,27.2,32.2,24.2,4.7,22,Heavy
Tuas South,2018,11,19,27.8,30.5,26.2,8.3,24.1,Light
Admiralty,2018,11,20,27.4,31.6,23.7,6.5,30.2,Light
Ang Mo Kio,2018,11,20,27.7,32.2,24,4.7,26.6,Heavy
Changi,2018,11,20,27.7,32,23.8,5,19.1,Moderate
Choa Chu Kang (South),2018,11,20,27.5,31.9,24.1,4.7,24.8,Light
Clementi,2018,11,20,28,32.5,24.6,4,20.2,Light
East Coast Parkway,2018,11,20,28,30,25.4,11.2,29.9,Heavy
Jurong (West),2018,11,20,27.1,30.3,23.6,7.2,30.2,Light
Jurong Island,2018,11,20,28.4,31.3,23.6,5,29.9,Moderate
Khatib,2018,11,20,27.3,33.7,23.3,5.8,22.3,Moderate
Newton,2018,11,20,27.7,31.8,24.3,4.7,29.2,Light
Pasir Panjang,2018,11,20,28.3,30.2,25.1,12.6,34.6,Heavy
Sentosa Island,2018,11,20,28.4,31.4,25,4.7,25.6,Light
Tai Seng,2018,11,20,28.3,32.3,24.2,4.7,22,Heavy
Tuas South,2018,11,20,28,30.4,24.6,5.8,22,Moderate
Admiralty,2018,11,21,26.3,29.6,22.7,7.6,49.7,Heavy
Ang Mo Kio,2018,11,21,26.2,30.2,22.6,5.8,48.6,Heavy
Changi,2018,11,21,26.4,30.1,22.8,5,40,Heavy
Choa Chu Kang (South),2018,11,21,26.1,29.8,24,5,33.1,Moderate
Clementi,2018,11,21,26.3,31,23.3,4.7,35.6,Heavy
East Coast Parkway,2018,11,21,27,30.8,24.2,12.2,48.2,Heavy
Jurong (West),2018,11,21,25.6,29.3,23.2,8.6,40,Heavy
Jurong Island,2018,11,21,26.7,30.7,22.7,6.5,36.7,Heavy
Khatib,2018,11,21,26.2,30.8,23.2,6.8,63,Heavy
Marina Barrage,2018,11,21,26.7,30.8,24.3,6.8,41.8,Heavy
Newton,2018,11,21,25.9,29.7,22.7,6.8,46.1,Heavy
Pasir Panjang,2018,11,21,27,29.8,23.2,18,74.9,Heavy
Sentosa Island,2018,11,21,26.6,30.1,23.2,6.8,39.2,Heavy
Tai Seng,2018,11,21,26.8,30.6,23.6,5.4,34.9,Heavy
Tuas South,2018,11,21,26.7,30.4,23.7,9.4,37.4,Heavy
Admiralty,2018,11,22,26.6,30.1,22.9,6.1,30.6,Heavy
Ang Mo Kio,2018,11,22,26.8,30.2,23.1,4.7,40.7,Heavy
Changi,2018,11,22,26.9,29.8,23.6,6.5,27,Light
Choa Chu Kang (South),2018,11,22,26.5,30,22,4.3,47.2,Heavy
Clementi,2018,11,22,26.9,31.8,22.5,4,25.9,Heavy
East Coast Parkway,2018,11,22,27.4,29.7,24.4,11.2,34.6,Moderate
Jurong (West),2018,11,22,26.5,30.8,21.9,5.8,48.2,Heavy
Jurong Island,2018,11,22,27.5,30.5,23.4,4,21.6,Heavy
Khatib,2018,11,22,26.5,30.9,22.6,7.9,23.4,Heavy
Marina Barrage,2018,11,22,27.3,30.4,24.3,5,27.4,Light
Newton,2018,11,22,26.8,30,23.2,4,33.5,Light
Pasir Panjang,2018,11,22,27.3,29.9,22.8,9.7,34.6,Heavy
Sentosa Island,2018,11,22,26.9,30.3,23.7,3.6,25.2,Heavy
Tai Seng,2018,11,22,27.3,30.2,23.9,4.7,20.9,Moderate
Tuas South,2018,11,22,27.1,30.3,23.2,4.7,23,Heavy
Admiralty,2018,11,23,27.7,31.6,25.1,8.6,34.2,Light
Ang Mo Kio,2018,11,23,27.6,32,25.1,4.7,22.7,Light
Changi,2018,11,23,27.5,31.9,24.4,7.2,29.5,Moderate
Choa Chu Kang (South),2018,11,23,27.1,32.8,24.6,4.7,23,Moderate
Clementi,2018,11,23,27.2,34.5,24.8,3.6,24.1,Heavy
Jurong (West),2018,11,23,27.2,32.9,24.9,6.1,22.3,Moderate
Jurong Island,2018,11,23,28.7,34.2,26.6,5.4,27.7,None
Khatib,2018,11,23,27.4,33.3,24.2,7.6,27.4,Light
Marina Barrage,2018,11,23,27.8,33.2,25.9,4.7,23,Moderate
Newton,2018,11,23,27.4,33,24.9,4.3,24.5,Heavy
Pasir Panjang,2018,11,23,27.8,32.6,24.6,8.3,27,Heavy
Sentosa Island,2018,11,23,27.4,33.4,24.3,3.6,22,Heavy
Tai Seng,2018,11,23,27.9,32.1,26.2,5,26.6,Moderate
Tuas South,2018,11,23,28,32.5,26.3,4.3,16.9,Moderate
Admiralty,2018,11,24,27.9,32.2,24.6,7.6,26.3,Light
Ang Mo Kio,2018,11,24,28.4,33.3,25.1,5,21.6,Light
Changi,2018,11,24,28.2,33.4,25.9,5.8,22.3,None
Choa Chu Kang (South),2018,11,24,27.9,32.7,24.2,5,23.4,Light
Clementi,2018,11,24,28.7,34.5,24.8,4,17.6,None
East Coast Parkway,2018,11,24,28.4,31.2,26.9,11.2,30.2,Light
Jurong (West),2018,11,24,27.4,31.4,23.4,7.6,30.6,Light
Jurong Island,2018,11,24,28.9,32.2,25.1,4.7,25.2,Light
Khatib,2018,11,24,28.1,33.4,24.8,6.5,22.3,Light
Marina Barrage,2018,11,24,29,33.8,26.4,5.8,30.2,None
Newton,2018,11,24,28.3,33,24.9,5,26.3,None
Pasir Panjang,2018,11,24,28.5,31.5,25.2,11.5,36.7,None
Sentosa Island,2018,11,24,28.6,32.8,25.8,4.7,23,None
Tai Seng,2018,11,24,29,33.3,26.4,5,20.9,None
Tuas South,2018,11,24,28.2,31.3,24.7,5.4,28.1,Light
Admiralty,2018,11,25,28.1,31,23,6.5,43.9,Heavy
Ang Mo Kio,2018,11,25,28.3,31.6,24.7,4,21.6,Light
Changi,2018,11,25,27.6,30.1,24.2,4.3,24.8,Moderate
Choa Chu Kang (South),2018,11,25,27.8,31.6,24.1,4,24.5,Heavy
Clementi,2018,11,25,28.2,32.7,24.6,2.9,14,Moderate
East Coast Parkway,2018,11,25,28,29.5,25.4,9,32.8,Heavy
Jurong (West),2018,11,25,27.5,30.2,24.5,5.8,22.7,Moderate
Jurong Island,2018,11,25,28.5,31.5,25,4.3,38.5,Moderate
Khatib,2018,11,25,27.8,31.9,23.6,6.1,27,Moderate
Marina Barrage,2018,11,25,28.2,31.5,25.1,4,19.8,Heavy
Newton,2018,11,25,27.7,31.2,24.1,3.6,26.3,Heavy
Pasir Panjang,2018,11,25,28.4,30.3,25.5,10.4,35.3,Moderate
Sentosa Island,2018,11,25,28,31.2,25.2,4,22,Moderate
Tai Seng,2018,11,25,28.6,31.5,25.6,4,20.5,Moderate
Tuas South,2018,11,25,28.4,30.1,26,4.7,28.1,Light
Admiralty,2018,11,26,27.9,32.1,24.7,7.9,26.6,Light
Ang Mo Kio,2018,11,26,27.9,32.4,23.9,4.7,31.3,Moderate
Changi,2018,11,26,27.5,31.9,23.9,5.4,29.9,Heavy
Choa Chu Kang (South),2018,11,26,28.2,32.9,23.7,5,56.2,Moderate
Clementi,2018,11,26,28.2,33.8,22.6,4.3,24.1,Heavy
East Coast Parkway,2018,11,26,27.9,29.8,24.2,11.2,35.6,Heavy
Jurong (West),2018,11,26,27.7,31.8,23.2,6.8,29.5,Moderate
Jurong Island,2018,11,26,28.8,32.1,22.2,5.4,51.5,Heavy
Khatib,2018,11,26,27.9,33.3,23.8,6.1,25.2,Moderate
Marina Barrage,2018,11,26,28.5,32.7,22.9,5.8,36.7,Heavy
Newton,2018,11,26,28.2,33,22.3,5,39.6,Heavy
Pasir Panjang,2018,11,26,28.2,30.9,22.9,10.4,85,Heavy
Sentosa Island,2018,11,26,28.2,32.1,22.4,5.4,37.4,Heavy
Tai Seng,2018,11,26,28,33.1,23.2,5,45.7,Heavy
Tuas South,2018,11,26,28.3,31.2,23.2,5.8,47.2,Heavy
Admiralty,2018,11,27,26.8,28.6,24.3,7.6,32.4,Moderate
Ang Mo Kio,2018,11,27,27,29.1,24.3,5.4,28.8,Heavy
Changi,2018,11,27,26.6,28.5,24.2,6.5,33.5,Heavy
Choa Chu Kang (South),2018,11,27,26.8,28.6,23.5,5,27.7,Moderate
Clementi,2018,11,27,27,29.6,23.1,4.3,29.9,Heavy
East Coast Parkway,2018,11,27,26.9,28.5,24.6,13.3,49.7,Heavy
Jurong (West),2018,11,27,26.3,27.8,23,7.2,37.1,Heavy
Jurong Island,2018,11,27,27.2,28.9,22.5,7.2,43.6,Heavy
Khatib,2018,11,27,27.1,29.4,24.4,6.1,28.4,Light
Marina Barrage,2018,11,27,27.1,29.4,23.6,5.8,39.2,Heavy
Newton,2018,11,27,26.4,29.4,22.9,6.1,49,Heavy
Pasir Panjang,2018,11,27,27.3,28.8,24.1,11.9,55.4,Light
Sentosa Island,2018,11,27,27,30.1,23.5,5.8,38.9,Heavy
Tai Seng,2018,11,27,27.1,29.3,24.1,5,32.4,Heavy
Tuas South,2018,11,27,27.1,28.4,24,7.2,38.9,Heavy
Admiralty,2018,11,28,27.5,31.1,25.7,8.6,30.2,Moderate
Ang Mo Kio,2018,11,28,27.6,32.3,24,5,44.6,Heavy
Changi,2018,11,28,28.2,32,25.2,7.9,26.3,None
Choa Chu Kang (South),2018,11,28,27.7,33.2,24.9,4.7,28.1,None
Clementi,2018,11,28,27.6,34.8,24.6,4,21.2,Heavy
East Coast Parkway,2018,11,28,28.3,30.5,25.9,13,38.5,None
Jurong (West),2018,11,28,27.2,31.9,25.2,5.8,31,None
Jurong Island,2018,11,28,28.1,32.4,25.9,4.3,27.7,Moderate
Khatib,2018,11,28,27.7,33,24.8,7.2,30.2,Moderate
Marina Barrage,2018,11,28,28.5,33,25.7,5.4,24.1,Light
Newton,2018,11,28,27.8,32.8,25.5,4.3,27.4,Light
Pasir Panjang,2018,11,28,28,32.3,24.3,8.6,47.9,Heavy
Sentosa Island,2018,11,28,28,32,25,4.3,24.8,Heavy
Tai Seng,2018,11,28,28.2,31.8,26,5,24.8,Moderate
Tuas South,2018,11,28,27.8,31.8,26,4,22.7,Light
Admiralty,2018,11,29,27.6,31.6,25.3,7.9,47.2,Moderate
Ang Mo Kio,2018,11,29,27.3,30.4,24,4.7,34.6,Heavy
Changi,2018,11,29,28,31.5,26,6.8,31.7,Moderate
Choa Chu Kang (South),2018,11,29,27.1,31.9,24.5,4,34.2,Heavy
Clementi,2018,11,29,27.7,33.5,23.7,3.6,35.3,Heavy
East Coast Parkway,2018,11,29,28.4,30.7,26.5,11.5,42.8,Moderate
Jurong (West),2018,11,29,26.8,32,24.9,4.7,41.8,Moderate
Jurong Island,2018,11,29,28.1,30.4,25.8,4.7,35.3,Heavy
Khatib,2018,11,29,27.3,32.2,24.7,7.2,27.4,Heavy
Marina Barrage,2018,11,29,28.8,32.6,26.7,6.1,30.2,Light
Newton,2018,11,29,27.5,31.5,25.8,4.3,35.6,Moderate
Pasir Panjang,2018,11,29,28.3,31.7,26.8,10.4,36.7,Light
Sentosa Island,2018,11,29,28.6,32.1,26.2,4.3,27.4,Light
Tai Seng,2018,11,29,28.2,31.3,26.6,5.4,27,Light
Tuas South,2018,11,29,27.8,31.6,25.3,4.7,33.1,Heavy
Admiralty,2018,11,30,27.3,30.1,25.4,9.7,31,Light
Ang Mo Kio,2018,11,30,27.2,30.6,25,5.4,23.4,Heavy
Changi,2018,11,30,27.3,30.6,25.2,6.5,22.7,Moderate
Choa Chu Kang (South),2018,11,30,27.2,30.5,25.2,4.3,24.5,Light
Clementi,2018,11,30,27.6,32.1,25.4,4.3,24.5,Light
East Coast Parkway,2018,11,30,27.9,30.5,26,12.6,37.4,Moderate
Jurong (West),2018,11,30,26.6,30.6,24.6,6.8,31,Light
Jurong Island,2018,11,30,27.6,30.4,24.4,5,24.8,Heavy
Khatib,2018,11,30,27.4,30.8,25.2,8.3,31.7,Moderate
Marina Barrage,2018,11,30,27.9,32.5,26,6.8,25.6,Moderate
Newton,2018,11,30,27.2,31,25.1,5,24.1,Moderate
Pasir Panjang,2018,11,30,27.9,30.4,26.4,13.7,48.2,Light
Sentosa Island,2018,11,30,27.8,32,26,4.3,20.5,Moderate
Tai Seng,2018,11,30,27.9,30.7,26,6.1,25.6,Moderate
Tuas South,2018,11,30,27.3,29.2,23.8,5.8,27.7,Heavy
