type,questions,label,response
test,"I bought a resale flat without any grant. If I want to buy a new flat, am I a first timer or a 2nd timer ?",first_timer_applicant,"You can get information on the latest, upcoming, and past Build-To-Order (BTO), Sale of Balance Flats (SBF), and/ or Re-Offer of Balance Flats (ROF) sales launches:  https://www.hdb.gov.sg/cs/infoweb/residential/buying-a-flat/new/bto-sbf. If you would like to receive email and/ or SMS alerts about our sales launches, please sign up for our free HDB eAlert Service at https://services2.hdb.gov.sg/webapp/BF08CESS/Index.jsp"
test,I have just sold my private property. Can I apply for a new flat ?,first_timer_applicant,"You can get information on the latest, upcoming, and past Build-To-Order (BTO), Sale of Balance Flats (SBF), and/ or Re-Offer of Balance Flats (ROF) sales launches:  https://www.hdb.gov.sg/cs/infoweb/residential/buying-a-flat/new/bto-sbf. If you would like to receive email and/ or SMS alerts about our sales launches, please sign up for our free HDB eAlert Service at https://services2.hdb.gov.sg/webapp/BF08CESS/Index.jsp"
test,Can I sell my private property and buy a new flat ?,first_timer_applicant,"You can get information on the latest, upcoming, and past Build-To-Order (BTO), Sale of Balance Flats (SBF), and/ or Re-Offer of Balance Flats (ROF) sales launches:  https://www.hdb.gov.sg/cs/infoweb/residential/buying-a-flat/new/bto-sbf. If you would like to receive email and/ or SMS alerts about our sales launches, please sign up for our free HDB eAlert Service at https://services2.hdb.gov.sg/webapp/BF08CESS/Index.jsp"
test,Can I buyer a new flat as a first timer  after I sell my EC.,first_timer_applicant,"You can get information on the latest, upcoming, and past Build-To-Order (BTO), Sale of Balance Flats (SBF), and/ or Re-Offer of Balance Flats (ROF) sales launches:  https://www.hdb.gov.sg/cs/infoweb/residential/buying-a-flat/new/bto-sbf. If you would like to receive email and/ or SMS alerts about our sales launches, please sign up for our free HDB eAlert Service at https://services2.hdb.gov.sg/webapp/BF08CESS/Index.jsp"
test,"after selling my private property, can I buy a new EC ",first_timer_applicant,"You can get information on the latest, upcoming, and past Build-To-Order (BTO), Sale of Balance Flats (SBF), and/ or Re-Offer of Balance Flats (ROF) sales launches:  https://www.hdb.gov.sg/cs/infoweb/residential/buying-a-flat/new/bto-sbf. If you would like to receive email and/ or SMS alerts about our sales launches, please sign up for our free HDB eAlert Service at https://services2.hdb.gov.sg/webapp/BF08CESS/Index.jsp"
test,Where to get info on new flat ?,sales,You can click on the link and check eligibility : https://services2.hdb.gov.sg/webapp/BP13EligCheck/BP13SHome?strSystem=CHECK
test,What is the deadline to buy a flat fom a sale launch,sales,You can click on the link and check eligibility : https://services2.hdb.gov.sg/webapp/BP13EligCheck/BP13SHome?strSystem=CHECK
test,When can we buy balance flat from the last sale launch ?,sales,"Every Singaporean can buy new HDB or EC twice , provided they pay back the first subsidy in the form of resale levy and fulfilling the  Mininium Occupation Period."
test,When is the next sales launch ?,sales,"Every Singaporean can buy new HDB or EC twice , provided they pay back the first subsidy in the form of resale levy and fulfilling the  Mininium Occupation Period."
test,How many sales launch are there in a year ?,sales,"Every Singaporean can buy new HDB or EC twice , provided they pay back the first subsidy in the form of resale levy and fulfilling the  Mininium Occupation Period."
test,Upcoming Sales Launches,sales,"Every Singaporean can buy new HDB or EC twice , provided they pay back the first subsidy in the form of resale levy and fulfilling the  Mininium Occupation Period."
test,How to check past sales launch ?,sales,"Every Singaporean can buy new HDB or EC twice , provided they pay back the first subsidy in the form of resale levy and fulfilling the  Mininium Occupation Period."
test,Will there be a Re-Offer of Balance Flats this year ?,sales,"Every Singaporean can buy new HDB or EC twice , provided they pay back the first subsidy in the form of resale levy and fulfilling the  Mininium Occupation Period."
test,How do I know when is the next sale launch ?,sales,"Every Singaporean can buy new HDB or EC twice , provided they pay back the first subsidy in the form of resale levy and fulfilling the  Mininium Occupation Period."
test,Where to check past sales launch,sales,"Every Singaporean can buy new HDB or EC twice , provided they pay back the first subsidy in the form of resale levy and fulfilling the  Mininium Occupation Period."
test,I am a PR. Can I nuy a resale flat with my sister ?,scheme,"You can get information on the latest, upcoming, and past Build-To-Order (BTO), Sale of Balance Flats (SBF), and/ or Re-Offer of Balance Flats (ROF) sales launches:  https://www.hdb.gov.sg/cs/infoweb/residential/buying-a-flat/new/bto-sbf. If you would like to receive email and/ or SMS alerts about our sales launches, please sign up for our free HDB eAlert Service at https://services2.hdb.gov.sg/webapp/BF08CESS/Index.jsp"
test,I am a Singaporean and my wife is a foreigner.  Can I buy a new  flat with my wife ?,scheme,"You can get information on the latest, upcoming, and past Build-To-Order (BTO), Sale of Balance Flats (SBF), and/ or Re-Offer of Balance Flats (ROF) sales launches:  https://www.hdb.gov.sg/cs/infoweb/residential/buying-a-flat/new/bto-sbf. If you would like to receive email and/ or SMS alerts about our sales launches, please sign up for our free HDB eAlert Service at https://services2.hdb.gov.sg/webapp/BF08CESS/Index.jsp"
test,My sibling and I have recently received Singapore citizenship. We are looking to buy a  HDB together. Can we buy a new flat ?,scheme,"You can get information on the latest, upcoming, and past Build-To-Order (BTO), Sale of Balance Flats (SBF), and/ or Re-Offer of Balance Flats (ROF) sales launches:  https://www.hdb.gov.sg/cs/infoweb/residential/buying-a-flat/new/bto-sbf. If you would like to receive email and/ or SMS alerts about our sales launches, please sign up for our free HDB eAlert Service at https://services2.hdb.gov.sg/webapp/BF08CESS/Index.jsp"
test,I am single and 40 years old this year. Am I  eligibility to buy a 3-Room Flat ?,scheme,"You can get information on the latest, upcoming, and past Build-To-Order (BTO), Sale of Balance Flats (SBF), and/ or Re-Offer of Balance Flats (ROF) sales launches:  https://www.hdb.gov.sg/cs/infoweb/residential/buying-a-flat/new/bto-sbf. If you would like to receive email and/ or SMS alerts about our sales launches, please sign up for our free HDB eAlert Service at https://services2.hdb.gov.sg/webapp/BF08CESS/Index.jsp"
test,Hi I am a PR for 10 years and  would like to ask can i buy a resale flat as single purchaser ? ,scheme,"You can get information on the latest, upcoming, and past Build-To-Order (BTO), Sale of Balance Flats (SBF), and/ or Re-Offer of Balance Flats (ROF) sales launches:  https://www.hdb.gov.sg/cs/infoweb/residential/buying-a-flat/new/bto-sbf. If you would like to receive email and/ or SMS alerts about our sales launches, please sign up for our free HDB eAlert Service at https://services2.hdb.gov.sg/webapp/BF08CESS/Index.jsp"
test,"Hi, I am single and below 35 years old. I would like to buy a 4 room resale flat with my grandmother. Can we both be the co-owner so we can have monthly payment from both of our CPF?",scheme,"You can get information on the latest, upcoming, and past Build-To-Order (BTO), Sale of Balance Flats (SBF), and/ or Re-Offer of Balance Flats (ROF) sales launches:  https://www.hdb.gov.sg/cs/infoweb/residential/buying-a-flat/new/bto-sbf. If you would like to receive email and/ or SMS alerts about our sales launches, please sign up for our free HDB eAlert Service at https://services2.hdb.gov.sg/webapp/BF08CESS/Index.jsp"
test,I am a PR. Can I buy a resale flat with my sister who is a non-PR ?,scheme,"You can get information on the latest, upcoming, and past Build-To-Order (BTO), Sale of Balance Flats (SBF), and/ or Re-Offer of Balance Flats (ROF) sales launches:  https://www.hdb.gov.sg/cs/infoweb/residential/buying-a-flat/new/bto-sbf. If you would like to receive email and/ or SMS alerts about our sales launches, please sign up for our free HDB eAlert Service at https://services2.hdb.gov.sg/webapp/BF08CESS/Index.jsp"
test,I am a Singaporean and my wife is a foreigner.  Can I buy a resale  flat with my wife ?,scheme,"You can get information on the latest, upcoming, and past Build-To-Order (BTO), Sale of Balance Flats (SBF), and/ or Re-Offer of Balance Flats (ROF) sales launches:  https://www.hdb.gov.sg/cs/infoweb/residential/buying-a-flat/new/bto-sbf. If you would like to receive email and/ or SMS alerts about our sales launches, please sign up for our free HDB eAlert Service at https://services2.hdb.gov.sg/webapp/BF08CESS/Index.jsp"
test,My parents and I have recently received Singapore citizenship this year. We are looking to buy a  HDB together. Can we buy a new flat ?,scheme,"You can get information on the latest, upcoming, and past Build-To-Order (BTO), Sale of Balance Flats (SBF), and/ or Re-Offer of Balance Flats (ROF) sales launches:  https://www.hdb.gov.sg/cs/infoweb/residential/buying-a-flat/new/bto-sbf. If you would like to receive email and/ or SMS alerts about our sales launches, please sign up for our free HDB eAlert Service at https://services2.hdb.gov.sg/webapp/BF08CESS/Index.jsp"
test,"Hi, I am single and above 35 years old. My sister is also single and below 35 years old. Can I buy a  new  flat with my sister ?",scheme,"You can get information on the latest, upcoming, and past Build-To-Order (BTO), Sale of Balance Flats (SBF), and/ or Re-Offer of Balance Flats (ROF) sales launches:  https://www.hdb.gov.sg/cs/infoweb/residential/buying-a-flat/new/bto-sbf. If you would like to receive email and/ or SMS alerts about our sales launches, please sign up for our free HDB eAlert Service at https://services2.hdb.gov.sg/webapp/BF08CESS/Index.jsp"
test,I bought a resale flat 17 years ago. Can I sell my flat and but a new one ?,second_timer_applicant,"Every Singaporean can buy new HDB or EC twice , provided they pay back the first subsidy in the form of resale levy and fulfilling the  Mininium Occupation Period."
test,I bought a resale flat 17 years ago. Can I sell my flat and but a new one ?,second_timer_applicant,You can click on the link and check eligibility : https://services2.hdb.gov.sg/webapp/BP13EligCheck/BP13SHome?strSystem=CHECK
test,I bought a resale flat 30 years ago. Can I sell my flat and buy new flat?,second_timer_applicant,You can click on the link and check eligibility : https://services2.hdb.gov.sg/webapp/BP13EligCheck/BP13SHome?strSystem=CHECK
test,I bought a EC in Pasir Ris 11 years ago. can i sell and buy a new flat again.,second_timer_applicant,You can click on the link and check eligibility : https://services2.hdb.gov.sg/webapp/BP13EligCheck/BP13SHome?strSystem=CHECK
test,I bought a EC in Sembawang  9 years ago. can i sell and buy a new flat again.,second_timer_applicant,You can click on the link and check eligibility : https://services2.hdb.gov.sg/webapp/BP13EligCheck/BP13SHome?strSystem=CHECK
train,"My mum is now 64 years old. She owns a EA HDB after my dad passed away in 2011. If she decides to sell this EA and change to a 2 room flexi, how can she do it? They bought the EA without using any grant.",first_timer_applicant,"You will be treated as a first-timer application if you and any of the other listed owners and essential occupiers did not received any CPF Housing Grant for the purchase of an HDB resale flat. If you selling your private property, you have to wait for 30 months  after selling your private property before you are eligible to apply for a new EC or a new HDB flat.  "
train,Can i buy resale if i cancel my current bto? ,first_timer_applicant,"You will be treated as a first-timer application if you and any of the other listed owners and essential occupiers did not received any CPF Housing Grant for the purchase of an HDB resale flat. If you have sold your private property, you have to wait for 30 months  after selling your private property before you are eligible to apply for a new EC or a new HDB flat."
train,My wife and I just got Singapore citizenship. Can we buy a new HDB flat ?,first_timer_applicant,"You will be treated as a first-timer application if you and any of the other listed owners and essential occupiers did not received any CPF Housing Grant for the purchase of an HDB resale flat. If you have sold your private property, you have to wait for 30 months  after selling your private property before you are eligible to apply for a new EC or a new HDB flat."
train,"I bought a resale flat 10 years ago without any grant. If I want to buy a new flat, am I a first timer or a 2nd timer ?",first_timer_applicant,"You will be treated as a first-timer application if you and any of the other listed owners and essential occupiers did not received any CPF Housing Grant for the purchase of an HDB resale flat. If you selling your private property, you have to wait for 30 months  after selling your private property before you are eligible to apply for a new EC or a new HDB flat.  "
train,What is the difference between first timer and second timer applicants ?,first_timer_applicant,"You will be treated as a first-timer application if you and any of the other listed owners and essential occupiers did not received any CPF Housing Grant for the purchase of an HDB resale flat. If you have sold your private property, you have to wait for 30 months  after selling your private property before you are eligible to apply for a new EC or a new HDB flat."
train,How do I know if I am a first time or second timer applicant ?,first_timer_applicant,"You will be treated as a first-timer application if you and any of the other listed owners and essential occupiers did not received any CPF Housing Grant for the purchase of an HDB resale flat. If you have sold your private property, you have to wait for 30 months  after selling your private property before you are eligible to apply for a new EC or a new HDB flat."
train,I have sold my private property. Can I buyer a new flat ?,first_timer_applicant,"You will be treated as a first-timer application if you and any of the other listed owners and essential occupiers did not received any CPF Housing Grant for the purchase of an HDB resale flat. If you have sold your private property, you have to wait for 30 months  after selling your private property before you are eligible to apply for a new EC or a new HDB flat."
train,I have sold my private property. Can I buyer a new flat as a first timer ?,first_timer_applicant,"You will be treated as a first-timer application if you and any of the other listed owners and essential occupiers did not received any CPF Housing Grant for the purchase of an HDB resale flat. If you have sold your private property, you have to wait for 30 months  after selling your private property before you are eligible to apply for a new EC or a new HDB flat."
train,Can I sell my private property and buy a new EC  ?,first_timer_applicant,"You will be treated as a first-timer application if you and any of the other listed owners and essential occupiers did not received any CPF Housing Grant for the purchase of an HDB resale flat. If you have sold your private property, you have to wait for 30 months  after selling your private property before you are eligible to apply for a new EC or a new HDB flat. "
train,I have sold my EC. Can a by a new EC ?,first_timer_applicant,"You will be treated as a first-timer application if you and any of the other listed owners and essential occupiers did not received any CPF Housing Grant for the purchase of an HDB resale flat. If you have sold your private property, you have to wait for 30 months  after selling your private property before you are eligible to apply for a new EC or a new HDB flat."
train,Can I buy a new flat after I sell my private property ?,first_timer_applicant,"You can get information on the latest, upcoming, and past Build-To-Order (BTO), Sale of Balance Flats (SBF), and/ or Re-Offer of Balance Flats (ROF) sales launches:  https://www.hdb.gov.sg/cs/infoweb/residential/buying-a-flat/new/bto-sbf. If you would like to receive email and/ or SMS alerts about our sales launches, please sign up for our free HDB eAlert Service at https://services2.hdb.gov.sg/webapp/BF08CESS/Index.jsp"
train,I have sold my EC. Can I buyer a new flat as a first timer ?,first_timer_applicant,"You can get information on the latest, upcoming, and past Build-To-Order (BTO), Sale of Balance Flats (SBF), and/ or Re-Offer of Balance Flats (ROF) sales launches:  https://www.hdb.gov.sg/cs/infoweb/residential/buying-a-flat/new/bto-sbf. If you would like to receive email and/ or SMS alerts about our sales launches, please sign up for our free HDB eAlert Service at https://services2.hdb.gov.sg/webapp/BF08CESS/Index.jsp"
train,I have sold my private property. Can a by a new EC ?,first_timer_applicant,"You can get information on the latest, upcoming, and past Build-To-Order (BTO), Sale of Balance Flats (SBF), and/ or Re-Offer of Balance Flats (ROF) sales launches:  https://www.hdb.gov.sg/cs/infoweb/residential/buying-a-flat/new/bto-sbf. If you would like to receive email and/ or SMS alerts about our sales launches, please sign up for our free HDB eAlert Service at https://services2.hdb.gov.sg/webapp/BF08CESS/Index.jsp"
train,Can I buy a new EC after selling my private property ?,first_timer_applicant,"You can get information on the latest, upcoming, and past Build-To-Order (BTO), Sale of Balance Flats (SBF), and/ or Re-Offer of Balance Flats (ROF) sales launches:  https://www.hdb.gov.sg/cs/infoweb/residential/buying-a-flat/new/bto-sbf. If you would like to receive email and/ or SMS alerts about our sales launches, please sign up for our free HDB eAlert Service at https://services2.hdb.gov.sg/webapp/BF08CESS/Index.jsp"
train,"I bought a resale flat without any grant, can I buy a new flat as a first timer ?",first_timer_applicant,"You can get information on the latest, upcoming, and past Build-To-Order (BTO), Sale of Balance Flats (SBF), and/ or Re-Offer of Balance Flats (ROF) sales launches:  https://www.hdb.gov.sg/cs/infoweb/residential/buying-a-flat/new/bto-sbf. If you would like to receive email and/ or SMS alerts about our sales launches, please sign up for our free HDB eAlert Service at https://services2.hdb.gov.sg/webapp/BF08CESS/Index.jsp"
train,How to buy a new flat ?,sales,You can click on the link and check eligibility : https://services2.hdb.gov.sg/webapp/BP13EligCheck/BP13SHome?strSystem=CHECK
train,When can we buy a new flat ?,sales,You can click on the link and check eligibility : https://services2.hdb.gov.sg/webapp/BP13EligCheck/BP13SHome?strSystem=CHECK
train,I like to find out more on buying new flat ?,sales,You can click on the link and check eligibility : https://services2.hdb.gov.sg/webapp/BP13EligCheck/BP13SHome?strSystem=CHECK
train,When can I buy a new flat from HDB ?,sales,You can click on the link and check eligibility : https://services2.hdb.gov.sg/webapp/BP13EligCheck/BP13SHome?strSystem=CHECK
train,How to get notification of a new launch ?,sales,You can click on the link and check eligibility : https://services2.hdb.gov.sg/webapp/BP13EligCheck/BP13SHome?strSystem=CHECK
train,Is there any leftover flat from last sale launch which I can buy ?,sales,You can click on the link and check eligibility : https://services2.hdb.gov.sg/webapp/BP13EligCheck/BP13SHome?strSystem=CHECK
train,What is the leftover flat from the last sale launch ?,sales,You can click on the link and check eligibility : https://services2.hdb.gov.sg/webapp/BP13EligCheck/BP13SHome?strSystem=CHECK
train,When can we buy leftover flat from the last sale launch ?,sales,You can click on the link and check eligibility : https://services2.hdb.gov.sg/webapp/BP13EligCheck/BP13SHome?strSystem=CHECK
train,Is there any balance flat from last sale launch which I can buy ?,sales,You can click on the link and check eligibility : https://services2.hdb.gov.sg/webapp/BP13EligCheck/BP13SHome?strSystem=CHECK
train,What is the balance flat from the last sale launch ?,sales,You can click on the link and check eligibility : https://services2.hdb.gov.sg/webapp/BP13EligCheck/BP13SHome?strSystem=CHECK
train,"I'm Malaysian, and Singapore PR. Can I buy resale HDB in Singapore?",scheme,"You can get information on the latest, upcoming, and past Build-To-Order (BTO), Sale of Balance Flats (SBF), and/ or Re-Offer of Balance Flats (ROF) sales launches:  https://www.hdb.gov.sg/cs/infoweb/residential/buying-a-flat/new/bto-sbf. If you would like to receive email and/ or SMS alerts about our sales launches, please sign up for our free HDB eAlert Service at https://services2.hdb.gov.sg/webapp/BF08CESS/Index.jsp"
train,Can I buy a new flat with my brother ? Both of us are singles and above 35 years old  and has never own a HDB flat,scheme,"You can get information on the latest, upcoming, and past Build-To-Order (BTO), Sale of Balance Flats (SBF), and/ or Re-Offer of Balance Flats (ROF) sales launches:  https://www.hdb.gov.sg/cs/infoweb/residential/buying-a-flat/new/bto-sbf. If you would like to receive email and/ or SMS alerts about our sales launches, please sign up for our free HDB eAlert Service at https://services2.hdb.gov.sg/webapp/BF08CESS/Index.jsp"
train,My parents have sold their private property. Can I buy a new flat with my parents ?,scheme,"You can get information on the latest, upcoming, and past Build-To-Order (BTO), Sale of Balance Flats (SBF), and/ or Re-Offer of Balance Flats (ROF) sales launches:  https://www.hdb.gov.sg/cs/infoweb/residential/buying-a-flat/new/bto-sbf. If you would like to receive email and/ or SMS alerts about our sales launches, please sign up for our free HDB eAlert Service at https://services2.hdb.gov.sg/webapp/BF08CESS/Index.jsp"
train,"Hi, I currently own a HDB with my brother. Can I sell my half to him even though he is a PR and his spouse is a non citizen/non SPR?",scheme,"You can get information on the latest, upcoming, and past Build-To-Order (BTO), Sale of Balance Flats (SBF), and/ or Re-Offer of Balance Flats (ROF) sales launches:  https://www.hdb.gov.sg/cs/infoweb/residential/buying-a-flat/new/bto-sbf. If you would like to receive email and/ or SMS alerts about our sales launches, please sign up for our free HDB eAlert Service at https://services2.hdb.gov.sg/webapp/BF08CESS/Index.jsp"
train,"Hi, i am married with a non citizen and wish to buy a hdb flat. ",scheme,"You can get information on the latest, upcoming, and past Build-To-Order (BTO), Sale of Balance Flats (SBF), and/ or Re-Offer of Balance Flats (ROF) sales launches:  https://www.hdb.gov.sg/cs/infoweb/residential/buying-a-flat/new/bto-sbf. If you would like to receive email and/ or SMS alerts about our sales launches, please sign up for our free HDB eAlert Service at https://services2.hdb.gov.sg/webapp/BF08CESS/Index.jsp"
train,I would love to get an apartment but I just gotten my PR just few months ago,scheme,"You can get information on the latest, upcoming, and past Build-To-Order (BTO), Sale of Balance Flats (SBF), and/ or Re-Offer of Balance Flats (ROF) sales launches:  https://www.hdb.gov.sg/cs/infoweb/residential/buying-a-flat/new/bto-sbf. If you would like to receive email and/ or SMS alerts about our sales launches, please sign up for our free HDB eAlert Service at https://services2.hdb.gov.sg/webapp/BF08CESS/Index.jsp"
train,"I'm Malaysian, and Singapore PR. Can I buy a new EC in Singapore?",scheme,"You can get information on the latest, upcoming, and past Build-To-Order (BTO), Sale of Balance Flats (SBF), and/ or Re-Offer of Balance Flats (ROF) sales launches:  https://www.hdb.gov.sg/cs/infoweb/residential/buying-a-flat/new/bto-sbf. If you would like to receive email and/ or SMS alerts about our sales launches, please sign up for our free HDB eAlert Service at https://services2.hdb.gov.sg/webapp/BF08CESS/Index.jsp"
train,Can I buy a new flat with my grandparents ?,scheme,"You can get information on the latest, upcoming, and past Build-To-Order (BTO), Sale of Balance Flats (SBF), and/ or Re-Offer of Balance Flats (ROF) sales launches:  https://www.hdb.gov.sg/cs/infoweb/residential/buying-a-flat/new/bto-sbf. If you would like to receive email and/ or SMS alerts about our sales launches, please sign up for our free HDB eAlert Service at https://services2.hdb.gov.sg/webapp/BF08CESS/Index.jsp"
train,Can I buy a new flat with my mum who is a divocee?,scheme,"You can get information on the latest, upcoming, and past Build-To-Order (BTO), Sale of Balance Flats (SBF), and/ or Re-Offer of Balance Flats (ROF) sales launches:  https://www.hdb.gov.sg/cs/infoweb/residential/buying-a-flat/new/bto-sbf. If you would like to receive email and/ or SMS alerts about our sales launches, please sign up for our free HDB eAlert Service at https://services2.hdb.gov.sg/webapp/BF08CESS/Index.jsp"
train,"Hi, I currently own a HDB with my mum. Can I sell my half to my brother even though he is a PR and his spouse is a non citizen/non SPR?",scheme,"You can get information on the latest, upcoming, and past Build-To-Order (BTO), Sale of Balance Flats (SBF), and/ or Re-Offer of Balance Flats (ROF) sales launches:  https://www.hdb.gov.sg/cs/infoweb/residential/buying-a-flat/new/bto-sbf. If you would like to receive email and/ or SMS alerts about our sales launches, please sign up for our free HDB eAlert Service at https://services2.hdb.gov.sg/webapp/BF08CESS/Index.jsp"
train,"Hi, i am married with a PR and wish to buy a hdb flat. ",scheme,"You can get information on the latest, upcoming, and past Build-To-Order (BTO), Sale of Balance Flats (SBF), and/ or Re-Offer of Balance Flats (ROF) sales launches:  https://www.hdb.gov.sg/cs/infoweb/residential/buying-a-flat/new/bto-sbf. If you would like to receive email and/ or SMS alerts about our sales launches, please sign up for our free HDB eAlert Service at https://services2.hdb.gov.sg/webapp/BF08CESS/Index.jsp"
train,I would love to get a EC but I just gotten my citizenship just few months ago,scheme,"You can get information on the latest, upcoming, and past Build-To-Order (BTO), Sale of Balance Flats (SBF), and/ or Re-Offer of Balance Flats (ROF) sales launches:  https://www.hdb.gov.sg/cs/infoweb/residential/buying-a-flat/new/bto-sbf. If you would like to receive email and/ or SMS alerts about our sales launches, please sign up for our free HDB eAlert Service at https://services2.hdb.gov.sg/webapp/BF08CESS/Index.jsp"
train,"Hi, I am single and above 35 years old. Can I buy a  new 4 room  flat with my mum ?",scheme,"You can get information on the latest, upcoming, and past Build-To-Order (BTO), Sale of Balance Flats (SBF), and/ or Re-Offer of Balance Flats (ROF) sales launches:  https://www.hdb.gov.sg/cs/infoweb/residential/buying-a-flat/new/bto-sbf. If you would like to receive email and/ or SMS alerts about our sales launches, please sign up for our free HDB eAlert Service at https://services2.hdb.gov.sg/webapp/BF08CESS/Index.jsp"
train,"Hi, I am single and above 35 years old. My sister is  also above 35 years old and a divocee. She sold a new flat as part of the divoced settlement, Can I buy a  new  flat with my sister ?",scheme,"You can get information on the latest, upcoming, and past Build-To-Order (BTO), Sale of Balance Flats (SBF), and/ or Re-Offer of Balance Flats (ROF) sales launches:  https://www.hdb.gov.sg/cs/infoweb/residential/buying-a-flat/new/bto-sbf. If you would like to receive email and/ or SMS alerts about our sales launches, please sign up for our free HDB eAlert Service at https://services2.hdb.gov.sg/webapp/BF08CESS/Index.jsp"
train,am I  eligibility to buy a 2-Room Flexi Flat ?,scheme,"You can get information on the latest, upcoming, and past Build-To-Order (BTO), Sale of Balance Flats (SBF), and/ or Re-Offer of Balance Flats (ROF) sales launches:  https://www.hdb.gov.sg/cs/infoweb/residential/buying-a-flat/new/bto-sbf. If you would like to receive email and/ or SMS alerts about our sales launches, please sign up for our free HDB eAlert Service at https://services2.hdb.gov.sg/webapp/BF08CESS/Index.jsp"
train,Hi i would like to ask can i buy a HDB as single purchaser ? ,scheme,"You can get information on the latest, upcoming, and past Build-To-Order (BTO), Sale of Balance Flats (SBF), and/ or Re-Offer of Balance Flats (ROF) sales launches:  https://www.hdb.gov.sg/cs/infoweb/residential/buying-a-flat/new/bto-sbf. If you would like to receive email and/ or SMS alerts about our sales launches, please sign up for our free HDB eAlert Service at https://services2.hdb.gov.sg/webapp/BF08CESS/Index.jsp"
train,"Hi, I am single and below 35 years old. I would like to buy a 4 room resale flat with my mum. Can we both be the co-owner so we can have monthly payment from both of our CPF?",scheme,"You can get information on the latest, upcoming, and past Build-To-Order (BTO), Sale of Balance Flats (SBF), and/ or Re-Offer of Balance Flats (ROF) sales launches:  https://www.hdb.gov.sg/cs/infoweb/residential/buying-a-flat/new/bto-sbf. If you would like to receive email and/ or SMS alerts about our sales launches, please sign up for our free HDB eAlert Service at https://services2.hdb.gov.sg/webapp/BF08CESS/Index.jsp"
train, i am currently 47 years . i bought 3rm flat in yishun 5 years ago. can i sell and buy a new flat again.,second_timer_applicant,You can click on the link and check eligibility : https://services2.hdb.gov.sg/webapp/BP13EligCheck/BP13SHome?strSystem=CHECK
train,I bought a resale flat 10 years ago. Can I sell my current flat and but a new one ?,second_timer_applicant,You can click on the link and check eligibility : https://services2.hdb.gov.sg/webapp/BP13EligCheck/BP13SHome?strSystem=CHECK
train,I bought a new flat from HDB 20 years ago. Can I sell my flat and but a new one ?,second_timer_applicant,You can click on the link and check eligibility : https://services2.hdb.gov.sg/webapp/BP13EligCheck/BP13SHome?strSystem=CHECK
train,How many times can I buy a new flat ?,second_timer_applicant,You can click on the link and check eligibility : https://services2.hdb.gov.sg/webapp/BP13EligCheck/BP13SHome?strSystem=CHECK
train,How many times can I buy a new EC ?,second_timer_applicant,You can click on the link and check eligibility : https://services2.hdb.gov.sg/webapp/BP13EligCheck/BP13SHome?strSystem=CHECK
train,Can I sell my resale flat and buy a new flat ?,second_timer_applicant,You can click on the link and check eligibility : https://services2.hdb.gov.sg/webapp/BP13EligCheck/BP13SHome?strSystem=CHECK
train,"I currently own a new flat and have fulfilled the MOP, can I sell it and buy another new flat ?",second_timer_applicant,You can click on the link and check eligibility : https://services2.hdb.gov.sg/webapp/BP13EligCheck/BP13SHome?strSystem=CHECK
train,I bought a resale flat with CPF housing grant. Can I sell and buy a new flat ?,second_timer_applicant,You can click on the link and check eligibility : https://services2.hdb.gov.sg/webapp/BP13EligCheck/BP13SHome?strSystem=CHECK
train,Can I sell my EC and buy a new flat ?,second_timer_applicant,You can click on the link and check eligibility : https://services2.hdb.gov.sg/webapp/BP13EligCheck/BP13SHome?strSystem=CHECK
train,Can I sell my resale flat and buy a new EC ?,second_timer_applicant,You can click on the link and check eligibility : https://services2.hdb.gov.sg/webapp/BP13EligCheck/BP13SHome?strSystem=CHECK
train,Can I buy EC after selling my new flat ?,second_timer_applicant,You can click on the link and check eligibility : https://services2.hdb.gov.sg/webapp/BP13EligCheck/BP13SHome?strSystem=CHECK
train,Can I sell my EC and buy another new EC from developer ?,second_timer_applicant,You can click on the link and check eligibility : https://services2.hdb.gov.sg/webapp/BP13EligCheck/BP13SHome?strSystem=CHECK
train,"Under joint owners , we would like to sell out HDB and like to buy a new EC @ yishun",second_timer_applicant,"Every Singaporean can buy new HDB or EC twice , provided they pay back the first subsidy in the form of resale levy and fulfilling the  Mininium Occupation Period."
train,i am currently 40 years . i bought 4rm flat in yishun 5 years ago. can i sell and buy a new flat again.,second_timer_applicant,"Every Singaporean can buy new HDB or EC twice , provided they pay back the first subsidy in the form of resale levy and fulfilling the  Mininium Occupation Period."
train,i am currently 40 years . i bought 3rm flat in Ang Mo Kio 5 years ago. can i sell and buy a new flat again.,second_timer_applicant,You will be treated as a first-timer application if you and any of the other listed owners and essential occupiers did not received any CPF Housing Grant for the purchase of an HDB resale flat
train,i am currently 50 years . i bought 5 room flat  13 years ago. can i sell and buy a new flat again.,second_timer_applicant,You should be able to apply for BTO as long as the TOP date is after your mom's 5 years MOP.
train,Can I sell my new flat and by a new EC ?,second_timer_applicant,"If you have taken the CPF housing grant,  you need to fulfill the 5 years Mininium Occupation Period before you can sell your flat and be eligible to apply for a new EC or a new HDB flat."
train,Can I sell my rew flat and buy another new flat ?,second_timer_applicant,You will be treated as a second-timer application if you own or sold an EC/ DBSS flat bought from the developer
train,Can I sell my resale flat and buy a new flat?,second_timer_applicant,"You will be treated as a first-timer application if you have not sold a flat bought from HDB, or an EC/ DBSS flat bought from a developer, or not received any CPF Housing Grant for the purchase of an HDB resale flat, or not taken any form of housing subsidy."
train,my Mum is divorced and has recently bought a re-sale 4-room HDB and listed me as an occupier. The flat was bought without any HDB grants or use of CPF. Will she be able to apply for BTO or re-sale HDB before the MOP is up?,second_timer_applicant,"Every Singaporean can buy new HDB or EC twice , provided they pay back the first subsidy in the form of resale levy and fulfilling the  Mininium Occupation Period."
train,Can I sell my resale flat and buy a new EC ?,second_timer_applicant,"Every Singaporean can buy new HDB or EC twice , provided they pay back the first subsidy in the form of resale levy and fulfilling the  Mininium Occupation Period."
train,"I bought an EC 15 years ago. If I want to buy a new flat, am I a first timer or a 2nd timer ?",second_timer_applicant,"Every Singaporean can buy new HDB or EC twice , provided they pay back the first subsidy in the form of resale levy and fulfilling the  Mininium Occupation Period."
train,I want to sell my private property and buy a new HDB flat ? Am I a first timer or 2nd timer,second_timer_applicant,"Every Singaporean can buy new HDB or EC twice , provided they pay back the first subsidy in the form of resale levy and fulfilling the  Mininium Occupation Period."
train, i am 50 years . i bought a  5rm flat 10 years ago. can i sell it and buy a new flat again.,second_timer_applicant,"Every Singaporean can buy new HDB or EC twice , provided they pay back the first subsidy in the form of resale levy and fulfilling the  Mininium Occupation Period."
train,Can I sell my resale flat and buy a new flat ? I bought the resale flat more than 10 years ago.,second_timer_applicant,"Every Singaporean can buy new HDB or EC twice , provided they pay back the first subsidy in the form of resale levy and fulfilling the  Mininium Occupation Period."
train,I bought an EC 10 years ago. Can I sell my EC and buy another new EC ?,second_timer_applicant,"Every Singaporean can buy new HDB or EC twice , provided they pay back the first subsidy in the form of resale levy and fulfilling the  Mininium Occupation Period."
train,Can I and my wife would  purchase another flat (BTO or Resale) but currently my wife still has her name in her current flat co-own with her mum (Divorcee). She has a younger brother who has just started work for about 14 months already. ,second_timer_applicant,"Every Singaporean can buy new HDB or EC twice , provided they pay back the first subsidy in the form of resale levy and fulfilling the  Mininium Occupation Period."
train,"Hi, I am getting married this year. Currently I am a co-owner of a resale 5 room flat with my parents and older brother. Can I sell my share to my brother and buy a new flat with my fiancee ? ",scheme,"You can get information on the latest, upcoming, and past Build-To-Order (BTO), Sale of Balance Flats (SBF), and/ or Re-Offer of Balance Flats (ROF) sales launches:  https://www.hdb.gov.sg/cs/infoweb/residential/buying-a-flat/new/bto-sbf. If you would like to receive email and/ or SMS alerts about our sales launches, please sign up for our free HDB eAlert Service at https://services2.hdb.gov.sg/webapp/BF08CESS/Index.jsp"
