label,response
first_timer_applicant,"You will be treated as a first-timer application if you and any of the other listed owners and essential occupiers did not received any CPF Housing Grant for the purchase of an HDB resale flat. If you have sold your private property, you have to wait for 30 months  after selling your private property before you are eligible to apply for a new EC or a new HDB flat."
sales,"You can get information on the latest, upcoming, and past Build-To-Order (BTO), Sale of Balance Flats (SBF), and/ or Re-Offer of Balance Flats (ROF) sales launches:  https://www.hdb.gov.sg/cs/infoweb/residential/buying-a-flat/new/bto-sbf. If you would like to receive email and/ or SMS alerts about our sales launches, please sign up for our free HDB eAlert Service at https://services2.hdb.gov.sg/webapp/BF08CESS/Index.jsp"
scheme,You can click on the link and check eligibility : https://services2.hdb.gov.sg/webapp/BP13EligCheck/BP13SHome?strSystem=CHECK
second_timer_applicant,"Every Singaporean can buy new HDB or EC twice , provided they pay back the first subsidy in the form of resale levy and fulfilling the  Mininium Occupation Period."
